Ticker,Shares,Price,Nominal,Weight_Pct
AAPL,393,254.12,99869.16,9.9869
MSFT,242,371.83,89982.86,8.9983
AMZN,377,211.68,79803.36,7.9803
GOOGL,270,295.25,79717.50,7.9718
NVDA,397,176.32,69999.04,6.9999
JPM,202,295.70,59731.40,5.9731
META,103,578.42,59577.26,5.9577
PG,345,144.92,49997.40,4.9997
V,167,299.27,49978.09,4.9978
JNJ,203,245.61,49858.83,4.9859
XOM,246,162.48,39970.08,3.9970
HD,120,332.94,39952.80,3.9953
UNH,146,272.72,39817.12,3.9817
MA,80,495.08,39606.40,3.9606
PFE,1064,28.18,29983.52,2.9984
KO,393,76.24,29962.32,2.9962
PEP,193,154.98,29911.14,2.9911
MRK,165,121.19,19996.35,1.9996
ABBV,92,216.87,19952.04,1.9952
LLY,21,934.47,19623.87,1.9624
CASH,1,2709.46,2709.46,0.2709
